-- ============================================
-- SQL Data Export for NewCanvas Database
-- Данные из оригинальной БД canvas
-- Импортировать ПОСЛЕ запуска php artisan migrate
-- ============================================

SET SQL_MODE = "NO_AUTO_VALUE_ON_ZERO";
SET time_zone = "+00:00";
SET NAMES utf8mb4;

-- ============================================
-- Пользователи
-- Пароль для всех: password (хеш bcrypt)
-- user@mail.ru (роль 1 - пользователь)
-- admin@mail.ru (роль 2 - администратор)
-- ============================================

INSERT INTO `users` (`id`, `name`, `email`, `password`, `role`, `rank`, `date_of_reg`, `pictures_count`, `orders_count`, `img`, `profile_views`, `created_at`, `updated_at`) VALUES
(1, 'Пользователь', 'user@mail.ru', '$2y$10$4HVT3j.WD0FyqgCsmzYFbetxqi.3jlZrWVgROlIVs3hO2LlS/k7f6', 1, 'НОВИЧОК', '2025-11-08', 3, 1, 'assets/images/avatars/2.jpg', 3, NOW(), NOW()),
(2, 'Администратор', 'admin@mail.ru', '$2y$10$570lRT7NTVlQXAL0aRtUduaJQ4Is/UdNdmr2zC1QmJ/GVLWcXv49S', 2, 'НОВИЧОК', '2025-11-08', 0, 0, 'assets/images/avatars/2.jpg', 0, NOW(), NOW()),
(3, 'Алина', 'alina@mail.ru', '$2y$10$uZCFGTWk9YS5J1jV5gjvH.tnN3EvJS8j9Lpd0YoAaBrFGVZs3NVv2', 1, 'НОВИЧОК', '2025-11-08', 2, 0, 'assets/images/avatars/3.jpg', 2, NOW(), NOW()),
(4, 'Булат', 'bulat@mail.ru', '$2y$10$jdHYTcfY9PuLq7G6eosjieQUmceoBNA.AsXNyvfWDfH4/faKOhxbi', 1, 'НОВИЧОК', '2025-11-08', 2, 1, 'assets/images/avatars/4.jpg', 0, NOW(), NOW()),
(5, 'Женя', 'jena@mail.ru', '$2y$10$qK9NuPhK6P5TpVQ1pOTG2uAw.QRlo18I2Oh3FN/PXIY5ZKfGTvnne', 1, 'НОВИЧОК', '2025-11-08', 2, 1, 'assets/images/avatars/5.jpg', 1, NOW(), NOW()),
(6, 'Софа', 'sofa@mail.ru', '$2y$10$9FRiuQVlw53shiuPnB9HguyBE.3fCxz9e69NIDEPSPIwua4yh8i.6', 1, 'НОВИЧОК', '2025-11-08', 2, 0, 'assets/images/avatars/6.jpg', 1, NOW(), NOW()),
(7, 'Аделя', 'adelya@mail.ru', '$2y$10$1M14O9AvPnpsP.ekLgCNFe2KMCxkiWNFKx.17PrWOBTPsuB1WN99C', 1, 'НОВИЧОК', '2025-11-08', 2, 0, 'assets/images/avatars/7.jpg', 1, NOW(), NOW()),
(8, 'Ульяна', 'yluana@mail.ru', '$2y$10$0n/k0584Z92Oavpp36HG5OMeiBymRWTQdmgZLXH8IffX/YooQ1gtK', 1, 'НОВИЧОК', '2025-11-08', 1, 0, 'assets/images/avatars/8.jpg', 1, NOW(), NOW()),
(9, 'Федор', 'fedor@mail.ru', '$2y$10$HFvc/w8H87.PRaEPzjNFceROG5DloM.ADDXvHFOUnySnqq.WEOizy', 1, 'НОВИЧОК', '2025-11-08', 1, 0, 'assets/images/avatars/9.jpg', 0, NOW(), NOW()),
(10, 'Милана', 'milana@mail.ru', '$2y$10$UMow2x7.5bucWM7zH/cUJ.4Pif9xIkuJFXMGdrV048T.5ETvhjfuK', 1, 'НОВИЧОК', '2025-11-08', 1, 0, 'assets/images/avatars/10.jpg', 0, NOW(), NOW()),
(11, 'Соня', 'sonya@mail.ru', '$2y$10$LPLGA6lV6maTMfWddQBdCOZ2MUryEdaSVBhrLD8yqSDnFUyroED1W', 1, 'НОВИЧОК', '2025-11-08', 1, 0, 'assets/images/avatars/11.jpg', 0, NOW(), NOW()),
(12, 'аа', 'user01@yandex.ru', '$2y$10$MQR8k6EVVTolUYnaj1t8mOR/Pq3zU1rkb9NSKsUyppyl2hIGJXVkO', 1, 'НОВИЧОК', '2026-03-04', 0, 0, 'assets/images/account/mainUser.png', 0, NOW(), NOW()),
(13, 'Пользователь', 'user001@yandex.ru', '$2y$10$rH/avfiZdOV9yIkCL8bg.uHApr8pW3oAmW/Olf3LZbM.ZVcd9x6iy', 1, 'НОВИЧОК', '2026-03-04', 1, 1, 'assets/images/account/mainUser.png', 0, NOW(), NOW());

-- ============================================
-- Жанры
-- ============================================

INSERT INTO `genres` (`id`, `name`, `created_at`, `updated_at`) VALUES
(1, 'Портрет', NOW(), NOW()),
(2, 'Пейзаж', NOW(), NOW()),
(3, 'Натюрморт', NOW(), NOW()),
(4, 'Бытовой жанр', NOW(), NOW()),
(5, 'Исторический жанр', NOW(), NOW());

-- ============================================
-- Стили
-- ============================================

INSERT INTO `styles` (`id`, `name`, `created_at`, `updated_at`) VALUES
(1, 'Реализм', NOW(), NOW()),
(2, 'Кубизм', NOW(), NOW()),
(3, 'Поп-арт', NOW(), NOW()),
(4, 'Ренессанс', NOW(), NOW()),
(5, 'Фовизм', NOW(), NOW()),
(6, 'Сюрреализм', NOW(), NOW()),
(7, 'Абстракционизм', NOW(), NOW()),
(8, 'Конструктивизм', NOW(), NOW()),
(9, 'Неореализм', NOW(), NOW()),
(10, 'Импрессионизм', NOW(), NOW()),
(11, 'Неопластицизм', NOW(), NOW());

-- ============================================
-- Эпохи
-- ============================================

INSERT INTO `eras` (`id`, `name`, `created_at`, `updated_at`) VALUES
(1, 'Новое время', NOW(), NOW()),
(2, 'Стили XX века', NOW(), NOW()),
(3, 'Возрождение', NOW(), NOW()),
(4, 'Средневековье', NOW(), NOW()),
(5, 'Эпоха модернизма', NOW(), NOW()),
(6, 'Контемпорари-арт', NOW(), NOW());

-- ============================================
-- Картины
-- ============================================

INSERT INTO `pictures` (`id`, `user_id`, `img`, `width`, `height`, `name`, `technique`, `year`, `description`, `genre_id`, `style_id`, `era_id`, `price`, `status`, `created_at`, `updated_at`) VALUES
(1, 1, 'assets/images/gallery/1.png', 800, 600, 'Две вишни', 'Масло на холсте', 2023, 'Минималистичный натюрморт с двумя спелыми вишнями на текстурном фоне. Работа передает простоту и элегантность природных форм.', 1, 2, 5, 45000, 'approved', '2025-11-08 18:05:40', '2025-11-08 18:06:09'),
(2, 1, 'assets/images/gallery/2.png', 800, 600, 'Музыка Востока', 'Цифровая иллюстрация', 2024, 'Современная интерпретация японской культуры с элементами поп-арта.', 2, 8, 5, 62000, 'approved', '2025-11-08 18:05:40', '2025-11-08 20:01:34'),
(3, 1, 'assets/images/gallery/3.png', 800, 600, 'Всадник на закате', 'Смешанная техника', 2022, 'Минималистичная композиция всадника на фоне заката.', 3, 7, 5, 38000, 'approved', '2025-11-08 18:05:40', '2025-11-08 20:01:38'),
(4, 1, 'assets/images/gallery/4.png', 800, 600, 'Желтый утенок', 'Масло на холсте', 2023, 'Очаровательный утенок, написанный в импрессионистской манере с яркими мазками.', 4, 1, 4, 52000, 'approved', '2025-11-08 18:05:40', '2025-11-08 20:03:09'),
(5, 5, 'assets/images/gallery/5.png', 800, 600, 'Морские глубины', 'Акрил на холсте', 2024, 'Абстрактная композиция в синих и белых тонах.', 5, 6, 5, 78000, 'approved', '2025-11-08 18:05:40', '2025-11-08 18:06:19'),
(6, 6, 'assets/images/gallery/6.png', 800, 600, 'Ритм жизни', 'Цифровая иллюстрация', 2023, 'Современная городская культура через призму музыки.', 1, 9, 5, 48000, 'approved', '2025-11-08 18:05:40', '2025-11-08 18:07:58'),
(7, 7, 'assets/images/gallery/7.png', 800, 600, 'Ужин в одиночестве', 'Графика, тушь', 2023, 'Трогательная иллюстрация одинокой собаки за обеденным столом.', 4, 10, 5, 35000, 'approved', '2025-11-08 18:05:40', '2025-11-08 18:06:25'),
(8, 8, 'assets/images/gallery/8.png', 800, 600, 'Три путника', 'Акрил на холсте', 2024, 'Монументальная композиция трех фигур в куртках, идущих спиной.', 1, 11, 5, 85000, 'approved', '2025-11-08 18:05:40', '2025-11-08 18:07:55'),
(9, 9, 'assets/images/gallery/9.png', 800, 600, 'Танец рыб', 'Акварель', 2022, 'Легкий и воздушный натюрморт с рыбами.', 1, 1, 5, 42000, 'approved', '2025-11-08 18:05:40', '2025-11-08 18:06:29'),
(10, 10, 'assets/images/gallery/10.png', 800, 600, 'Красный лес', 'Линогравюра', 2023, 'Пейзаж в технике гравюры с яркими красными деревьями.', 3, 1, 4, 68000, 'approved', '2025-11-08 18:05:40', '2025-11-08 18:07:42'),
(11, 11, 'assets/images/gallery/11.png', 800, 600, 'Огненные перцы', 'Гуашь', 2024, 'Декоративная композиция с перцами чили в народном стиле.', 1, 1, 5, 39000, 'approved', '2025-11-08 18:05:40', '2025-11-08 18:07:35'),
(12, 1, 'assets/images/gallery/12.png', 800, 600, 'Призрачный лик', 'Масло, смешанная техника', 2023, 'Сюрреалистический портрет с элементами абстракции.', 2, 1, 5, 92000, 'approved', '2025-11-08 18:05:40', '2025-11-08 18:06:35'),
(13, 3, 'assets/images/gallery/13.png', 800, 600, 'Женщина с птицами', 'Акрил на холсте', 2024, 'Символическая композиция женской фигуры и летящих птиц.', 1, 11, 5, 74000, 'approved', '2025-11-08 18:05:40', '2025-11-08 18:07:32'),
(14, 4, 'assets/images/gallery/14.png', 800, 600, 'Одинокий странник', 'Акрил, графика', 2023, 'Экспрессивная фигура человека в шляпе на красном фоне.', 1, 1, 5, 56000, 'approved', '2025-11-08 18:05:40', '2025-11-08 18:07:15'),
(15, 5, 'assets/images/gallery/15.png', 800, 600, 'Силуэт в красном', 'Акрил, графика', 2023, 'Минималистичная графическая работа с фигурой человека.', 1, 7, 5, 58000, 'approved', '2025-11-08 18:05:40', '2025-11-08 18:06:39'),
(16, 6, 'assets/images/gallery/16.png', 800, 600, 'Падший ангел', 'Масло на холсте', 2024, 'Драматическая композиция ангела с распростертыми крыльями.', 1, 1, 5, 125000, 'approved', '2025-11-08 18:05:40', '2025-11-08 18:07:20'),
(17, 3, 'assets/images/gallery/17.png', 800, 600, 'Урок географии', 'Масло на холсте', 1887, 'Классическая жанровая сцена урока географии в школе XIX века.', 1, 2, 3, 150000, 'approved', '2025-11-08 18:05:40', '2025-11-08 19:10:05'),
(19, 5, 'assets/images/mainGallery/1.png', 80, 100, 'Вечернее небо', 'Акрил на холсте', 2023, 'Абстрактная композиция, вдохновленная закатным небом.', 1, 1, 1, 45000, 'approved', '2025-11-08 20:25:57', '2025-11-08 20:25:57'),
(20, 4, 'assets/images/mainGallery/2.png', 120, 90, 'Горизонты мечты', 'Масло на холсте', 2022, 'Пейзаж передает атмосферу безмятежности.', 2, 2, 1, 67000, 'approved', '2025-11-06 20:25:57', '2025-11-08 20:25:57'),
(21, 5, 'assets/images/mainGallery/3.png', 60, 80, 'Внутренний мир', 'Акварель', 2024, 'Портрет, раскрывающий эмоциональную глубину.', 3, 3, 1, 38000, 'approved', '2025-11-03 20:25:57', '2025-11-08 20:25:57'),
(22, 5, 'assets/images/mainGallery/4.png', 70, 70, 'Утренний свет', 'Масло на холсте', 2023, 'Классический натюрморт с игрой света и тени.', 4, 3, 1, 42000, 'approved', '2025-11-07 20:25:57', '2025-11-08 20:25:57'),
(23, 7, 'assets/images/mainGallery/5.png', 100, 100, 'Энергия цвета', 'Акрил, смешанная техника', 2024, 'Динамичная абстрактная композиция.', 1, 1, 1, 55000, 'approved', '2025-11-05 20:25:57', '2025-11-08 20:25:57'),
(24, 1, 'assets/images/mainGallery/6.png', 90, 70, 'Ночные огни города', 'Масло на холсте', 2023, 'Городской пейзаж, наполненный атмосферой ночного мегаполиса.', 2, 3, 1, 58000, 'approved', '2025-11-04 20:25:57', '2025-11-08 20:25:57'),
(25, 4, 'assets/images/mainGallery/7.png', 85, 110, 'Грани реальности', 'Акрил на холсте', 2024, 'Сюрреалистичная работа, балансирующая на грани между сном и явью.', 1, 5, 1, 72000, 'approved', '2025-11-02 20:25:57', '2025-11-08 20:25:57'),
(34, 13, 'uploads/pictures/picture_69a825d45bb5b_1772627412.jpg', 22, 22, 'QQQQQQQQQ', 'пппп', 2022, 'ваыфвамвсыфыыавмсы', 5, 7, 3, 2000, 'approved', '2026-03-04 12:30:12', '2026-03-04 12:32:38');

-- ============================================
-- Избранное
-- ============================================

INSERT INTO `favorites` (`id`, `user_id`, `picture_id`, `added_at`) VALUES
(3, 3, 3, '2025-11-08 20:08:09'),
(4, 1, 6, '2025-11-08 20:46:23'),
(6, 1, 11, '2025-11-08 20:57:44'),
(7, 13, 25, '2026-03-04 11:57:34');

-- ============================================
-- Корзина
-- ============================================

INSERT INTO `cart` (`id`, `user_id`, `picture_id`, `added_at`) VALUES
(26, 1, 16, '2025-11-08 22:53:49'),
(28, 13, 23, '2026-03-05 11:06:56');

-- ============================================
-- Заказы
-- ============================================

INSERT INTO `orders` (`id`, `buyer_id`, `seller_id`, `picture_id`, `price`, `pickup_point`, `recipient_name`, `unique_code`, `status`, `payment_id`, `payment_status`, `created_at`, `updated_at`) VALUES
(1, 1, 5, 15, 58000, 'г. Казань, бари галеева', 'Платонова Полина', '7970', 'in_transit', '30a1add7-000f-5001-9000-1639213b0414', 'succeeded', '2025-11-08 19:29:55', '2025-11-08 21:04:24'),
(2, 3, 1, 1, 45000, 'г. Казань, бари галеева', 'Платонова Полина', '3578', 'waiting_shipment', '30a1b4d2-000f-5001-8000-1e0959a4ad2b', 'succeeded', '2025-11-08 19:59:40', '2025-11-08 19:59:40'),
(3, 3, 1, 12, 92000, 'г. Казань, бари галеева', 'Платонова Полина', '8234', 'waiting_shipment', '30a1b4f3-000f-5001-8000-1b5d7eb5bceb', 'succeeded', '2025-11-08 20:00:23', '2025-11-08 20:00:23'),
(4, 3, 1, 2, 62000, 'г. Казань, бари галеева', 'Платонова Полина', '9681', 'waiting_shipment', '30a1b573-000f-5000-b000-1332a7da3157', 'succeeded', '2025-11-08 20:02:54', '2025-11-08 20:02:54'),
(5, 3, 1, 3, 38000, 'г. Казань, бари галеева', 'Платонова Полина', '4067', 'waiting_shipment', '30a1b573-000f-5000-b000-1332a7da3157', 'succeeded', '2025-11-08 20:02:54', '2025-11-08 20:02:54'),
(6, 3, 1, 4, 52000, 'г. Казань, бари галеева', 'Платонова Полина', '5513', 'waiting_shipment', '30a1b5bd-000f-5001-8000-149bf657ea6b', 'succeeded', '2025-11-08 20:03:35', '2025-11-08 20:03:35'),
(7, 3, 8, 8, 85000, 'г. Казань, бари галеева', 'Платонова Полина', '8613', 'waiting_shipment', '30a1b698-000f-5000-b000-1f7f81b1cd92', 'succeeded', '2025-11-08 20:07:14', '2025-11-08 20:07:14'),
(8, 3, 6, 6, 48000, 'г. Казань, бари галеева', 'Платонова Полина', '9171', 'waiting_shipment', '30a1b6ab-000f-5000-b000-19edc3148097', 'succeeded', '2025-11-08 20:07:35', '2025-11-08 20:07:35'),
(9, 3, 7, 7, 35000, 'г. Казань, бари галеева', 'Платонова Полина', '1091', 'waiting_shipment', '30a1b6ab-000f-5000-b000-19edc3148097', 'succeeded', '2025-11-08 20:07:35', '2025-11-08 20:07:35'),
(10, 1, 11, 11, 39000, 'г. Казань, бари галеева', 'Платонова Полина', '2162', 'at_pickup_point', '30a1c3a8-000f-5001-9000-1b7ed45f8930', 'succeeded', '2025-11-08 21:02:58', '2025-11-08 21:04:33'),
(11, 1, 3, 13, 74000, 'г. Казань, бари галеева', 'Платонова Полина', '5560', 'delivered', '30a1c3d1-000f-5001-8000-16a26c0a2839', 'succeeded', '2025-11-08 21:03:39', '2025-11-08 21:04:36'),
(12, 1, 5, 22, 42000, 'г. Казань, бари галеева', 'Платонова Полина', '2230', 'waiting_shipment', '30a1d991-000f-5001-9000-18ffb824d2fe', 'succeeded', '2025-11-08 22:36:29', '2025-11-08 22:36:29'),
(13, 13, 4, 25, 72000, 'г. Казань, бари галеева', 'Платонова Полина', '1513', 'waiting_shipment', '313a3a4d-000f-5001-8000-18777c46a013', 'succeeded', '2026-03-04 12:33:16', '2026-03-04 12:33:16');
